condition,cluster,k,seed,sample,PC1,PC2,dist_to_centroid,cluster_size,cif_path
H524L dimer apo,0,3,94,2,30.119296715743346,9.5216553341892,0.03836822687303825,679,/scratch4/jgray21/zhuggan1/repos/ER_Mutations/outputs/analysis/pca/cluster_reps/h524l_dimer_apo_cluster_0_rep.cif
H524L dimer apo,1,3,90,2,29.310401208068164,-5.993946005927894,0.07966979129561855,546,/scratch4/jgray21/zhuggan1/repos/ER_Mutations/outputs/analysis/pca/cluster_reps/h524l_dimer_apo_cluster_1_rep.cif
H524L dimer apo,2,3,105,2,-28.307211139463416,-1.2481149425887206,1.0486042055163367,25,/scratch4/jgray21/zhuggan1/repos/ER_Mutations/outputs/analysis/pca/cluster_reps/h524l_dimer_apo_cluster_2_rep.cif
H524L dimer holo,0,2,90,4,29.48336691128745,-8.773342361518846,0.03583951816422417,1117,/scratch4/jgray21/zhuggan1/repos/ER_Mutations/outputs/analysis/pca/cluster_reps/h524l_dimer_holo_cluster_0_rep.cif
H524L dimer holo,1,2,112,1,30.55058399623244,8.869143406278564,0.07010348076778235,133,/scratch4/jgray21/zhuggan1/repos/ER_Mutations/outputs/analysis/pca/cluster_reps/h524l_dimer_holo_cluster_1_rep.cif
WT dimer apo,0,2,39,2,-30.96133534402483,-0.2113471105750454,0.052303026625304366,555,/scratch4/jgray21/zhuggan1/repos/ER_Mutations/outputs/analysis/pca/cluster_reps/wt_dimer_apo_cluster_0_rep.cif
WT dimer apo,1,2,150,1,30.251884505208118,7.729538038668932,1.3808256997658428,695,/scratch4/jgray21/zhuggan1/repos/ER_Mutations/outputs/analysis/pca/cluster_reps/wt_dimer_apo_cluster_1_rep.cif
WT dimer holo,0,2,103,3,-29.016930453339683,0.0909751474400897,0.03904203561698175,645,/scratch4/jgray21/zhuggan1/repos/ER_Mutations/outputs/analysis/pca/cluster_reps/wt_dimer_holo_cluster_0_rep.cif
WT dimer holo,1,2,134,4,28.450852915154936,1.1261843218295635,0.3848937000080378,605,/scratch4/jgray21/zhuggan1/repos/ER_Mutations/outputs/analysis/pca/cluster_reps/wt_dimer_holo_cluster_1_rep.cif
Y537S dimer apo,0,2,93,2,-30.65441512481033,0.0134015747004155,0.01599040654235748,1233,/scratch4/jgray21/zhuggan1/repos/ER_Mutations/outputs/analysis/pca/cluster_reps/y537s_dimer_apo_cluster_0_rep.cif
Y537S dimer apo,1,2,39,3,26.056753628786403,-1.566739293778863,1.1292567450637894,17,/scratch4/jgray21/zhuggan1/repos/ER_Mutations/outputs/analysis/pca/cluster_reps/y537s_dimer_apo_cluster_1_rep.cif
Y537S dimer holo,0,2,219,2,-30.174350603279997,0.1036535630520503,0.012161680853148097,622,/scratch4/jgray21/zhuggan1/repos/ER_Mutations/outputs/analysis/pca/cluster_reps/y537s_dimer_holo_cluster_0_rep.cif
Y537S dimer holo,1,2,194,3,-30.79522681453183,0.3960731418597927,0.021034773779487377,628,/scratch4/jgray21/zhuggan1/repos/ER_Mutations/outputs/analysis/pca/cluster_reps/y537s_dimer_holo_cluster_1_rep.cif
