variant,state,cluster,count,pct
H524L,apo,noise,769,7.7
H524L,apo,C0,5160,51.6
H524L,apo,C1,135,1.4
H524L,apo,C2,3455,34.5
H524L,apo,C3,480,4.8
H524L,apo,C4,1,0.0
H524L,holo,noise,690,6.9
H524L,holo,C0,954,9.5
H524L,holo,C1,0,0.0
H524L,holo,C2,6338,63.4
H524L,holo,C3,2017,20.2
H524L,holo,C4,1,0.0
WT,apo,noise,916,9.2
WT,apo,C0,4041,40.4
WT,apo,C1,4133,41.3
WT,apo,C2,905,9.0
WT,apo,C3,2,0.0
WT,apo,C4,3,0.0
WT,holo,noise,1309,15.0
WT,holo,C0,1457,16.7
WT,holo,C1,4020,45.9
WT,holo,C2,1842,21.1
WT,holo,C3,59,0.7
WT,holo,C4,63,0.7
Y537S,apo,noise,144,1.4
Y537S,apo,C0,1,0.0
Y537S,apo,C1,9828,98.3
Y537S,apo,C2,26,0.3
Y537S,apo,C3,0,0.0
Y537S,apo,C4,1,0.0
Y537S,holo,noise,2,0.0
Y537S,holo,C0,0,0.0
Y537S,holo,C1,9998,100.0
Y537S,holo,C2,0,0.0
Y537S,holo,C3,0,0.0
Y537S,holo,C4,0,0.0
