cluster,variant,state,in_cluster,dist_to_centroid,chain,seed,sample,cif_path
0,H524L,apo,True,0.009,AB,183,3,/scratch4/jgray21/zhuggan1/repos/ER_Mutations/outputs/analysis/cluster_vs_active_whole/representative_structures/cluster0_H524L_apo_chainAB_seed183_sample3.cif
0,H524L,holo,True,0.016,AB,369,0,/scratch4/jgray21/zhuggan1/repos/ER_Mutations/outputs/analysis/cluster_vs_active_whole/representative_structures/cluster0_H524L_holo_chainAB_seed369_sample0.cif
0,WT,apo,True,0.024,AB,1789,3,/scratch4/jgray21/zhuggan1/repos/ER_Mutations/outputs/analysis/cluster_vs_active_whole/representative_structures/cluster0_WT_apo_chainAB_seed1789_sample3.cif
0,WT,holo,True,0.018,AB,661,2,/scratch4/jgray21/zhuggan1/repos/ER_Mutations/outputs/analysis/cluster_vs_active_whole/representative_structures/cluster0_WT_holo_chainAB_seed661_sample2.cif
0,Y537S,apo,True,0.929,AB,1746,3,/scratch4/jgray21/zhuggan1/repos/ER_Mutations/outputs/analysis/cluster_vs_active_whole/representative_structures/cluster0_Y537S_apo_chainAB_seed1746_sample3.cif
0,Y537S,holo,False,32.912,AB,1753,4,/scratch4/jgray21/zhuggan1/repos/ER_Mutations/outputs/analysis/cluster_vs_active_whole/representative_structures/cluster0_Y537S_holo_chainAB_seed1753_sample4.cif
1,H524L,apo,True,0.12,AB,841,0,/scratch4/jgray21/zhuggan1/repos/ER_Mutations/outputs/analysis/cluster_vs_active_whole/representative_structures/cluster1_H524L_apo_chainAB_seed841_sample0.cif
1,H524L,holo,False,1.377,AB,1085,1,/scratch4/jgray21/zhuggan1/repos/ER_Mutations/outputs/analysis/cluster_vs_active_whole/representative_structures/cluster1_H524L_holo_chainAB_seed1085_sample1.cif
1,WT,apo,True,0.007,AB,789,3,/scratch4/jgray21/zhuggan1/repos/ER_Mutations/outputs/analysis/cluster_vs_active_whole/representative_structures/cluster1_WT_apo_chainAB_seed789_sample3.cif
1,WT,holo,True,0.011,AB,1555,1,/scratch4/jgray21/zhuggan1/repos/ER_Mutations/outputs/analysis/cluster_vs_active_whole/representative_structures/cluster1_WT_holo_chainAB_seed1555_sample1.cif
1,Y537S,apo,True,0.005,AB,1034,1,/scratch4/jgray21/zhuggan1/repos/ER_Mutations/outputs/analysis/cluster_vs_active_whole/representative_structures/cluster1_Y537S_apo_chainAB_seed1034_sample1.cif
1,Y537S,holo,True,0.004,AB,1698,4,/scratch4/jgray21/zhuggan1/repos/ER_Mutations/outputs/analysis/cluster_vs_active_whole/representative_structures/cluster1_Y537S_holo_chainAB_seed1698_sample4.cif
2,H524L,apo,True,0.006,AB,649,1,/scratch4/jgray21/zhuggan1/repos/ER_Mutations/outputs/analysis/cluster_vs_active_whole/representative_structures/cluster2_H524L_apo_chainAB_seed649_sample1.cif
2,H524L,holo,True,0.029,AB,846,4,/scratch4/jgray21/zhuggan1/repos/ER_Mutations/outputs/analysis/cluster_vs_active_whole/representative_structures/cluster2_H524L_holo_chainAB_seed846_sample4.cif
2,WT,apo,True,0.255,AB,818,1,/scratch4/jgray21/zhuggan1/repos/ER_Mutations/outputs/analysis/cluster_vs_active_whole/representative_structures/cluster2_WT_apo_chainAB_seed818_sample1.cif
2,WT,holo,True,0.032,AB,1155,0,/scratch4/jgray21/zhuggan1/repos/ER_Mutations/outputs/analysis/cluster_vs_active_whole/representative_structures/cluster2_WT_holo_chainAB_seed1155_sample0.cif
2,Y537S,apo,True,1.085,AB,965,3,/scratch4/jgray21/zhuggan1/repos/ER_Mutations/outputs/analysis/cluster_vs_active_whole/representative_structures/cluster2_Y537S_apo_chainAB_seed965_sample3.cif
2,Y537S,holo,False,31.124,AB,448,3,/scratch4/jgray21/zhuggan1/repos/ER_Mutations/outputs/analysis/cluster_vs_active_whole/representative_structures/cluster2_Y537S_holo_chainAB_seed448_sample3.cif
3,H524L,apo,True,0.015,AB,1677,0,/scratch4/jgray21/zhuggan1/repos/ER_Mutations/outputs/analysis/cluster_vs_active_whole/representative_structures/cluster3_H524L_apo_chainAB_seed1677_sample0.cif
3,H524L,holo,True,0.043,AB,555,0,/scratch4/jgray21/zhuggan1/repos/ER_Mutations/outputs/analysis/cluster_vs_active_whole/representative_structures/cluster3_H524L_holo_chainAB_seed555_sample0.cif
3,WT,apo,True,0.77,AB,855,3,/scratch4/jgray21/zhuggan1/repos/ER_Mutations/outputs/analysis/cluster_vs_active_whole/representative_structures/cluster3_WT_apo_chainAB_seed855_sample3.cif
3,WT,holo,True,0.045,AB,1545,4,/scratch4/jgray21/zhuggan1/repos/ER_Mutations/outputs/analysis/cluster_vs_active_whole/representative_structures/cluster3_WT_holo_chainAB_seed1545_sample4.cif
3,Y537S,apo,False,3.127,AB,1139,4,/scratch4/jgray21/zhuggan1/repos/ER_Mutations/outputs/analysis/cluster_vs_active_whole/representative_structures/cluster3_Y537S_apo_chainAB_seed1139_sample4.cif
3,Y537S,holo,False,31.142,AB,448,3,/scratch4/jgray21/zhuggan1/repos/ER_Mutations/outputs/analysis/cluster_vs_active_whole/representative_structures/cluster3_Y537S_holo_chainAB_seed448_sample3.cif
4,H524L,apo,True,0.182,AB,1809,0,/scratch4/jgray21/zhuggan1/repos/ER_Mutations/outputs/analysis/cluster_vs_active_whole/representative_structures/cluster4_H524L_apo_chainAB_seed1809_sample0.cif
4,H524L,holo,True,0.313,AB,577,2,/scratch4/jgray21/zhuggan1/repos/ER_Mutations/outputs/analysis/cluster_vs_active_whole/representative_structures/cluster4_H524L_holo_chainAB_seed577_sample2.cif
4,WT,apo,True,0.215,AB,1173,4,/scratch4/jgray21/zhuggan1/repos/ER_Mutations/outputs/analysis/cluster_vs_active_whole/representative_structures/cluster4_WT_apo_chainAB_seed1173_sample4.cif
4,WT,holo,True,0.048,AB,809,1,/scratch4/jgray21/zhuggan1/repos/ER_Mutations/outputs/analysis/cluster_vs_active_whole/representative_structures/cluster4_WT_holo_chainAB_seed809_sample1.cif
4,Y537S,apo,True,0.056,AB,1787,3,/scratch4/jgray21/zhuggan1/repos/ER_Mutations/outputs/analysis/cluster_vs_active_whole/representative_structures/cluster4_Y537S_apo_chainAB_seed1787_sample3.cif
4,Y537S,holo,False,28.136,AB,448,3,/scratch4/jgray21/zhuggan1/repos/ER_Mutations/outputs/analysis/cluster_vs_active_whole/representative_structures/cluster4_Y537S_holo_chainAB_seed448_sample3.cif
