seed,sample,cluster,PC1,PC2
84,0,0,31.701378240646857,10.225677011055216
84,1,0,31.832733881793,10.201992223276841
84,3,0,31.6476478410441,10.267500043420753
84,2,0,32.169028453899095,10.622285404669919
84,4,0,31.954398822760105,10.69630998979831
189,2,1,-30.15995486418589,0.12385729354362555
172,0,-1,32.22424247216062,-6.617278059025514
108,2,0,32.67498179266016,10.101818991638638
136,1,0,32.109922500370985,9.831056036819954
125,4,1,-29.331698061611206,0.38900813915653465
128,3,1,-29.24872975927745,0.09242286089900013
125,3,1,-28.947968161564166,-0.1062321526446159
3,0,0,32.839448686936535,9.723616649597862
54,0,0,31.568177369594604,8.427871329111094
77,2,1,-29.719494810761795,-0.15906940359250657
125,0,1,-29.202328619588663,0.09638347755164418
230,2,1,-28.850886712792715,0.11418220307777142
172,4,0,32.26397166138814,10.200835601447977
97,3,0,32.248349868918666,9.529111930403122
91,3,0,32.532258482638106,10.040728397983223
178,2,1,-28.955803888209385,-0.18852253510629044
72,2,1,-29.64485177000518,-0.11583510103262509
223,4,1,-29.660048212263497,0.11864119695752753
11,3,1,-29.067520513119725,0.2172858783545521
19,4,1,-28.895333840999573,-0.04619592112199985
193,1,1,-28.992083652615104,0.3265664864235459
18,2,1,-29.635922604964943,0.1619455468771278
189,4,1,-29.088295273218236,0.2623152626758901
148,4,1,-29.096705065367406,0.5256168234048669
121,3,1,-29.69923359761221,-0.246257128870822
146,3,1,-28.768563476427467,0.09633973388791997
199,2,0,32.750551839707704,8.949211123179998
241,0,1,-29.108538857206035,-0.07885597514215557
182,0,1,-29.12507813838154,-0.030295400037010197
31,0,1,-29.038671651073923,0.02350305449145484
92,1,1,-29.355397032353565,0.6404698553343251
193,2,1,-28.313719548106956,0.18332236754143297
217,4,1,-29.60858446348439,0.20602267057934692
209,2,1,-29.17228708740573,-0.08409578142531564
182,4,1,-29.001988457451155,-0.15910443165719185
100,3,1,-29.580664693973887,-0.17782265912450318
128,0,1,-28.687442775446875,-0.27624450013762825
153,0,0,31.54025902680878,8.306728455858886
226,3,1,-30.33868460556114,0.11535027691631468
223,2,1,-29.085947878979013,-0.33874539018853367
209,4,1,-29.7500628186345,0.0698104430366969
6,0,-1,31.528794908208546,5.302796420865128
10,0,1,-28.794002067025698,0.05317819091774708
35,4,0,32.38372667984867,10.032744093997339
136,0,0,31.948963887962723,8.429295713365669
99,2,0,31.704529633987015,8.773335004069926
37,0,0,32.04107816114537,9.653300459639913
48,4,1,-29.155557028720516,-0.07528626574094054
138,0,1,-28.83947800631776,-0.06733613930854677
140,0,0,31.8818107526753,8.918317426278628
230,4,1,-28.58032813034518,-0.43891931155490943
51,4,1,-29.772663438654995,0.4751429018017147
234,0,1,-29.212134279375235,0.22668331413933673
128,4,1,-29.118648510851433,-0.07229082791469663
92,3,1,-29.31192422390079,0.25641034791965545
72,0,1,-28.892367723146034,0.203429839095368
197,3,1,-28.603465679055482,0.15228531483600805
4,1,1,-29.00414023824348,0.08158079212915259
5,4,1,-28.559049050260242,0.09978160220822241
180,0,1,-29.33839652385296,0.04228310910985838
138,1,1,-29.240598682826185,0.2912288385617368
12,0,0,31.171498410276286,9.443796932612962
154,1,1,-28.867439891258886,-0.06841840001840159
178,0,1,-29.489114684626298,0.3747524364668138
144,4,1,-28.974661776032907,-0.08542718168642334
123,0,1,-28.774876247129225,0.08406376250260322
136,3,0,32.804224408864464,8.501958788604936
72,3,1,-29.462346902311396,0.1556343349007934
242,3,1,-28.53266274568397,0.12296648310258905
227,2,0,32.24157149681387,8.858802588584123
60,1,1,-29.245674920124365,-0.11094926967227393
199,4,0,31.203879775022173,8.784693757940923
92,4,1,-29.213773232172947,0.04725944846475643
54,3,0,31.06255384937532,9.271564269056984
189,3,1,-28.65341067169925,-0.3506137752193749
19,2,1,-28.6279196362103,0.2592390967074589
125,2,1,-28.6340317687312,0.1966466862113406
146,0,1,-29.749441054039924,0.2415421245361491
91,4,0,32.74569298848896,9.59543814023849
187,3,1,-28.88798152464035,-0.04443660305593932
223,1,1,-28.82534959942527,0.18155429282694688
230,1,1,-28.585812246912855,-0.034977715540446305
72,4,1,-28.276694713744895,-0.16244477069585958
223,3,1,-29.02199438293782,-0.09822805355127345
241,1,1,-29.335078230511055,0.10366541584053628
233,4,1,-30.26255500387265,0.34772596339286616
121,4,1,-29.76499349618118,-0.16281532313907113
92,0,1,-29.398812393591736,0.05091362895985787
101,2,1,-28.748947904601497,0.08241248674316927
168,2,0,33.17208882583522,8.895374350041855
19,0,1,-28.903001767280177,-0.042368922110544084
100,1,1,-30.02320327526244,0.5171979567079392
105,4,0,31.19300597826585,9.138936052355698
57,3,1,-29.417038857026945,-0.10642758264379944
11,2,1,-29.68112938708525,0.2881165629670903
60,2,1,-29.199462068089176,0.037626776255069355
72,1,1,-28.96470247670571,0.5914568003438021
90,3,1,-28.240272140953564,-0.1045247399616085
57,2,1,-29.216521635321786,0.029182481383836084
94,3,0,32.095134468139115,8.006623308356307
146,2,1,-28.67940933615881,0.052984779363499074
128,1,1,-29.112375414569087,0.48018470646681355
201,2,1,-28.95288432173856,0.05405018715716856
31,4,1,-29.16994339541288,0.05927750785612994
193,3,1,-29.249236019957277,0.026641006847159376
11,0,1,-29.01115117957641,0.38410136169451176
117,3,0,30.723373330915184,8.580149991132988
36,2,1,-29.899627663322992,0.5236448431081832
233,3,1,-28.966690814135337,-0.21506186644798067
4,4,1,-29.187053188201773,0.14938324695063107
216,4,1,-28.568410400971462,-0.34978984029175253
129,0,1,-29.226700405304324,0.23161519138200978
100,2,1,-29.66020593703132,0.026149539294201923
100,0,1,-28.647322416622877,-0.19457825177015953
54,1,0,32.24782661136452,8.389645342195587
114,4,0,31.074724576796513,9.38762800252405
10,3,1,-28.857315018991468,-0.031237593740093595
4,3,1,-29.361668871309302,0.4540216296322499
117,1,0,30.372255414890848,7.634997557565986
117,4,0,31.002489246156586,8.146457595747652
36,3,1,-29.546406591851543,0.201139987799927
178,3,1,-28.134170661526376,-0.20629846791717485
106,4,0,32.21658496366951,9.101169858930009
241,2,1,-29.80270394630648,0.18419997404874805
62,4,0,31.579424649819654,8.613494368081763
11,1,1,-29.586845644382844,-0.019067523448928952
29,0,1,-29.140658914565964,0.0026805814961619804
80,0,1,-29.826694104126283,0.3394493373409582
201,1,1,-29.0309455746571,0.2235934068572357
227,1,0,31.04831342826916,8.67617326731763
92,2,1,-28.990850429560904,-0.06797621881469523
48,1,1,-29.447795670579275,0.1571739348907339
187,4,1,-29.197832416880882,0.051092974387519315
42,2,1,-29.6656241799194,0.1586773806678654
208,2,1,-29.939366849883783,0.4954083723117444
105,2,0,31.40542148574205,8.908363142708989
69,0,1,-29.692990054578004,0.2249612175181453
223,0,1,-29.88669306759415,0.026209308305879867
250,3,0,32.09505574085607,9.581333033458273
226,0,1,-29.434436417187666,0.296289535139073
138,3,1,-29.27800947825814,-0.12598298632910818
242,2,1,-29.363489612734767,0.07554405572087203
5,1,1,-29.2618804917863,-0.16287487246933877
19,3,1,-29.497942709488427,0.3072314169905634
18,0,1,-28.82566476355983,0.08058221147058202
234,4,1,-29.062787396033986,-0.020396304937496768
45,3,0,32.23358559085811,9.837775370244694
57,4,1,-28.73484130916549,0.16479419812536014
216,3,1,-28.92163556464138,-0.452230080544746
12,1,0,31.362984879315313,9.43566612631749
74,0,0,30.525635047933626,8.09678926263279
210,0,1,-29.24742985978466,0.4136461517188023
204,2,1,-29.49089307629442,0.6043198544286462
18,1,1,-28.89560817869051,-0.03085867971229435
127,0,0,31.313298532991144,9.456924077068521
201,4,1,-28.990867857007153,0.3541958377563034
145,3,1,-28.23494448570928,-0.01986398771365383
36,4,1,-29.054004404534496,-0.24218180734638406
77,0,1,-29.5074792255274,-0.17608114548924955
62,0,0,31.20114121024782,9.477374521153722
79,2,0,31.940940817350565,9.16860074973947
108,0,0,31.95785482219657,9.345507051097462
16,1,1,-28.94572099684871,0.2612581877868222
91,2,0,31.845731478421328,9.457375129183745
230,0,1,-28.992709169628398,0.0383403563444112
77,3,1,-29.19335086552205,-0.05757205586093054
31,2,1,-29.893702125480228,0.26440241587937435
75,3,0,30.98516456033158,8.814178885193062
211,4,1,-29.35856482908269,0.17323321779057305
45,1,0,31.341370961531464,9.912439133766826
99,4,0,32.233153112477396,9.242992587059609
129,1,1,-28.235602223863214,-0.1893765050341731
214,3,1,-29.184390247531194,0.5943143906213383
89,1,1,-29.592767013010683,0.5733634929210756
80,2,1,-28.3068765071476,-0.15034042524381958
86,4,1,-30.014366515371982,-0.008492291083188098
222,3,1,-28.641479140503172,0.25428716247801453
133,3,1,-28.214338359410984,-0.09471642931684963
9,0,0,31.85039904459824,9.336152465362266
154,4,1,-29.50869329310029,0.2435218040293976
133,1,1,-28.924570814471256,-0.00114023718934441
60,4,1,-29.102924869123513,0.19046917646896866
89,3,1,-28.927085487363545,0.0512109830613659
75,1,0,31.736725295065487,9.37577313783914
226,2,1,-29.50606084313557,0.242981545407522
180,2,1,-29.071684358185575,0.32456732004616196
133,0,1,-29.318743845780517,0.3682748456480886
204,1,1,-28.737177645458505,0.29783939949538246
116,0,1,-28.315701567328066,-0.2111532782740008
48,3,1,-28.41885198621846,-0.4945383344188305
189,1,1,-27.909723349378798,-0.19963996495279965
36,0,1,-28.752092237311544,-0.19157282281073354
89,0,1,-29.451596458779747,0.09633930975797865
125,1,1,-29.36762587731734,0.28595192090638283
129,4,1,-29.033156302226754,0.08197300368990729
148,0,1,-28.152384888242057,0.005780123986224503
97,1,0,31.80072822882878,8.742344494736237
97,4,0,32.22826985244898,9.966194053224967
4,2,1,-29.386323402143365,0.3606169754788802
235,1,0,31.166004032152518,9.891907053074316
201,0,1,-29.27183369806293,0.21109275171872027
188,4,1,-28.31089124284912,0.0194539673119043
133,2,1,-29.20220627033926,-0.29285917162060765
111,1,1,-28.635661103309623,-0.029300942649005082
62,2,0,31.674904799362945,9.488785641133699
147,0,1,-30.138887766117698,0.35521294814535476
114,0,0,31.947943968061146,8.53258335129382
35,0,0,32.877943245988845,9.266000548085849
172,3,0,31.399016838699644,9.103743133443812
174,4,1,-29.45793662148603,0.06012056745081817
141,3,1,-28.844994838013328,0.1657729006143679
234,2,1,-29.16106967147395,-0.015492448058855789
155,2,1,-29.598937992968168,0.011005991344327665
114,1,0,31.66894818669508,8.004422091300428
178,4,1,-28.64522176980068,0.003994952248434982
147,2,1,-29.43786039243772,0.4357364821379127
180,3,1,-28.51874489982257,-0.019364558481863692
99,0,0,31.981218546200125,9.121894554096905
187,0,1,-28.031359392366294,-0.16296852621528388
148,2,1,-28.457504172524423,-0.11870830817735187
111,4,1,-28.699466206053945,-0.16616464802013067
180,1,1,-29.095155021774872,-0.07730011721063403
93,0,0,32.38953877670956,9.132695807864811
210,3,1,-29.274852784006224,-0.08368089080679669
22,2,1,-28.36238618333649,-0.12557446777665351
236,2,0,32.01761274223965,8.989108662223183
232,2,1,-28.54797266095847,0.06736377744469695
4,0,1,-30.587057130202474,0.13879914494533294
153,1,0,30.6674586600609,9.365454348891737
138,2,1,-29.507135223918297,0.13559910205753128
89,4,1,-27.543879269379577,0.036408993429591904
154,2,1,-28.531545251755748,0.05952636107992659
73,4,1,-29.24461909074994,0.24563407310802265
126,2,1,-29.141424566054877,0.5137838823206656
101,1,1,-28.840639504073977,-0.537005447621875
230,3,1,-29.17223782662462,0.10692487218418269
222,2,1,-28.578489214483593,-0.29938836136693314
109,0,1,-29.725439096961516,0.7545321195886437
215,0,1,-29.373095191409007,0.3126801130378917
77,1,1,-29.344747992304885,0.1483583461014597
80,1,1,-28.58014229516528,0.03912571402344772
146,4,1,-28.796058887007458,0.3087455988580576
5,3,1,-28.57928968552984,0.00973317344705285
1,0,0,31.772386339971987,9.78164132689939
109,2,1,-28.21074210887531,0.24933716997957905
140,4,0,32.43159873599206,9.697659789687007
193,0,1,-28.132145401120596,-0.02238485550611391
227,3,0,31.825247409952937,10.279210005060326
171,2,1,-27.982300712903836,-0.018940426516860485
145,2,1,-28.495976903437146,0.3442436856453136
48,0,1,-28.49538814541567,-0.02968529271380592
204,3,1,-29.108735513910194,-0.16172322924912208
143,2,0,31.59145038604363,8.78793199337377
27,3,0,33.1434253156032,8.282232011360032
178,1,1,-28.511906356664856,-0.37527662225908504
16,4,1,-29.057209043688136,0.14359045553572683
104,0,1,-29.06076312455825,-0.12122329156549737
106,2,0,31.97655351123164,8.719601568668454
182,2,1,-29.420030288438976,0.13978825611895132
242,0,1,-27.84039504400591,-0.20035689817539956
80,3,1,-28.751450211086556,0.08650726118610617
85,3,0,30.993330899132996,9.643464396231748
90,2,1,-28.635446405934765,0.041735266177570896
201,3,1,-29.377117925314373,0.4158302856750966
188,1,1,-28.502691686685733,-0.008330809470692625
109,3,1,-29.533232144427092,0.18041732041920863
232,0,1,-28.991747070022946,-0.057315042109924136
222,4,1,-28.321074634568642,-0.1401036638017225
1,1,0,31.40372280517406,9.29565146645616
153,3,0,31.90421837001805,8.362259610789405
137,3,0,30.164868138490956,8.235172174332012
1,2,0,32.09728847727349,8.786423522816987
144,0,1,-28.4799311771423,0.7932542363807946
93,1,0,31.941933932754093,8.652035805338345
27,1,0,32.64905644146489,9.829161768565664
141,0,1,-29.077005715375115,0.06376435942855248
141,2,1,-28.837091088871237,0.4005874832263406
216,0,1,-29.14297098580271,0.27949727835883154
226,4,1,-28.642101513845674,0.139086949562311
90,0,1,-29.563958848759693,0.10292074255919578
250,2,0,31.36248765525514,9.353225678307847
123,2,1,-29.02003828085359,0.2733452285298839
224,4,1,-29.486879432691495,0.29448574266014005
58,2,0,30.761792200998137,8.79591682068425
140,2,0,31.388485198899666,9.020604311711622
31,3,1,-29.58799495309984,-0.2378202527256691
86,1,1,-28.080985378146494,0.09554219332353646
94,0,0,32.284356213740814,8.711876110237101
45,4,0,32.379120819344905,9.751519039518985
102,2,1,-28.670566825989177,-0.19293216715584185
143,3,0,31.028303245586436,8.909176857195954
182,1,1,-29.119322641388745,0.01974692062215933
132,0,1,-29.544858234930786,0.7293433079054664
220,3,0,31.272853872711202,9.424664133793236
217,1,1,-28.823445872780205,0.3928112570409445
12,3,0,33.33925486988817,7.7672032724671185
42,3,1,-29.010464958058297,0.20278959217523004
250,0,0,31.68446101864095,8.725783875541966
233,2,1,-29.47825283014481,-0.006328308945332805
217,0,1,-29.488207260212608,0.15618110886211292
233,0,1,-29.96851042361004,0.04650756535592565
119,3,1,-28.997931245850225,0.2613921219732305
171,4,1,-29.48489974893494,0.3186987572348741
182,3,1,-28.72593932286728,-0.2600925813201287
142,2,1,-28.918824731922403,0.027918240942281784
102,3,1,-29.09127310345705,0.2264209498515845
197,2,1,-28.700967269928,0.21296203540328584
174,3,1,-29.219699156863662,0.21579911754359923
82,1,1,-29.61465814973584,0.5483610296234066
44,0,0,31.919916028214644,8.973552699707911
82,3,1,-29.235954075246315,0.11022756471746427
123,3,1,-29.284636187103807,-0.030342769018237833
145,0,1,-28.351826388456416,0.09844329201519647
174,2,1,-29.911524160474595,0.014336487088221436
237,4,1,-28.550711094888158,-0.048539361575805885
154,0,1,-29.321936602205636,0.1198742093977878
166,4,1,-29.32343338429085,0.18875805531975187
109,1,1,-29.3842556312688,0.01262341925996022
105,3,0,31.73919299655501,8.745161711519636
80,4,1,-28.97367172145061,0.1588171851405295
69,4,1,-28.352447918767602,0.13022218767852628
48,2,1,-29.19289934812661,0.7587831790783273
90,4,1,-29.21316517107807,0.04890812986769571
211,0,1,-29.062895974709466,0.0026221892609890637
70,4,1,-29.72338695451393,-0.19323239319001617
224,0,1,-28.48129621705396,0.07007267425460546
218,4,0,32.38727068771888,9.34462947195084
218,3,0,32.23963930692231,9.127420474272752
44,1,0,31.580723289686865,8.976892277232965
16,2,1,-29.15391568918677,-0.008805887944709798
29,2,1,-29.092151331680157,-0.30234919935622184
10,4,1,-28.69372243015434,0.09031666034205435
155,0,1,-28.84929073235029,-0.19040269375442917
222,0,1,-27.728994182675727,0.37147702901734153
39,4,0,31.857188752438645,9.003474902275423
147,3,1,-29.669587500221134,0.6002682695028798
39,0,0,31.14349868315244,8.654132781417033
54,2,0,30.37231263785045,7.180941886599093
224,1,1,-28.64153808452344,0.8748338758230182
27,0,0,33.74883246095825,9.706135158824303
155,4,1,-29.90900097443357,0.2525524749125013
119,1,1,-28.654830220650066,-0.07974442662940685
209,0,1,-29.28068729215603,0.4525450059291072
31,1,1,-28.948857143105258,0.15381773676886573
86,3,1,-29.805513714583046,0.43146710122319265
135,1,0,33.06356034374822,9.34150527265893
188,0,1,-28.97341700076556,0.07939311484844627
217,2,1,-28.542021216690905,-0.3466140994934858
58,3,0,31.455135475283154,8.824790008027021
144,1,1,-28.388779148720737,0.11498331896787126
199,0,0,30.10961353966444,8.3305364044661
241,3,1,-28.532741046172987,-0.15445970433290407
60,0,1,-29.402888521767157,0.6689041285991709
10,2,1,-29.370321521623435,-0.13103316292287798
35,3,0,30.406467991321165,8.622893805936208
200,0,0,32.079808865759745,9.14873195631653
154,3,1,-29.101256568564388,0.32835351757027503
57,1,1,-29.225198516306392,0.190122722006935
100,4,1,-28.788236467640605,0.0007529464980215461
189,0,1,-29.450204582582806,0.07178476298513006
129,2,1,-29.035663593288874,-0.25886930914793255
136,4,0,31.1108801832758,9.514798023119669
165,1,0,33.20438316595937,8.981465168681456
147,4,1,-27.82164928717264,0.42610213838729216
10,1,1,-28.669155921227244,0.20877899533147204
161,3,1,-28.22714905858269,0.3350005684791221
61,3,0,31.28993421895778,9.662783299574711
242,4,1,-28.773341266179724,0.4973981012459036
242,1,1,-28.42708525333475,0.02306302953538839
140,3,0,31.59388982147146,9.010689756234951
97,2,0,31.874050411968515,8.843186575487515
24,4,1,-29.287641980510642,0.4944268151310294
204,4,1,-28.97797616750393,0.05606912794938474
128,2,1,-28.719460255967885,0.1893982896001505
244,4,1,-28.86721275598134,-0.09454156877205926
87,2,1,-29.458648459488213,0.10181704663189826
47,1,1,-29.4237574881587,0.06847380526709154
245,0,0,32.354890352841664,8.14732389218683
79,0,0,30.697026980000185,9.572391843790243
175,0,0,32.40218582054071,8.16412628937143
101,4,1,-28.552866056017162,-0.07261457800033222
228,1,1,-28.980712480742675,0.11563466603627441
235,0,1,-30.057376179799167,-0.2461186631753011
215,1,1,-29.179589082352148,0.30382132275758655
146,1,1,-28.58525706748858,0.4016992673795305
119,4,1,-28.104555138379315,0.03464126762855864
168,0,0,32.02749862334429,8.578525228209054
109,4,1,-28.887829041615213,0.06482162043603559
155,3,1,-27.552595145635234,-0.21734870594913303
232,4,1,-29.56508809883385,0.12607004095371116
202,4,1,-29.453922033283828,0.822863369223754
177,3,1,-28.52161286743283,-0.23689407635822213
124,2,1,-29.034617594813888,0.528111909498627
61,2,0,31.481425808957436,8.612478979167838
129,3,1,-29.44013780555273,0.0584295033820635
152,2,1,-29.126967774390558,-0.03439443147024255
228,0,1,-29.27930277137024,0.5072278460833612
46,0,1,-28.93325447881496,-0.07888618033349956
69,2,1,-28.994940636416835,-0.056122837504865804
43,3,0,30.90223296804358,9.147918240678411
28,0,1,-28.481065198812342,-0.0022823382231564786
234,1,1,-28.605717352099166,0.23051649989401302
222,1,1,-29.194952371100698,-0.07306777218963979
215,4,1,-28.80298863765931,0.25684372347034684
208,4,1,-28.638004579001137,0.6531826373709069
239,4,1,-29.5337223839303,0.1823900324247514
142,4,1,-28.81292377090124,0.02929656852550222
98,2,0,30.972020320145386,8.100087026248433
102,4,1,-29.074800080427313,0.5041058731153678
101,0,1,-28.651521180004877,0.12152450199158603
102,1,1,-28.913521734209503,0.19614120444029787
126,3,1,-28.338793164606013,0.16841996508780124
104,1,1,-29.240498748307168,-0.10276087416744623
168,3,0,31.197979722062463,9.007942928526074
142,3,1,-28.855481823855122,0.24249719358878066
208,1,1,-28.67067036222668,-0.580739013193226
158,3,1,-29.060735541750827,-0.00453526495479952
232,3,1,-29.13248109485936,-0.15881682147637652
3,1,0,31.322781960932986,8.126977975500575
175,2,0,33.11511645509332,9.402164814344747
127,2,2,30.35350625194223,-4.896499612134255
82,2,1,-28.88900486594441,0.2270305412790821
161,4,1,-29.12764274199489,-0.18528410858893238
74,3,2,30.537846138962554,-5.132702719571201
175,4,0,29.88827347267057,9.045237674250657
63,0,1,-28.635637993273498,-0.44085578625331817
107,4,1,-28.984654862931222,0.5743906061768326
119,0,1,-28.733759771647815,-0.10383325584595843
244,1,1,-30.63880190499803,0.9878828297652207
207,3,1,-29.28181729839643,0.6025292641989313
237,2,1,-29.260752805240962,0.2872830798620688
142,0,1,-29.236950632379617,0.011619856511391045
46,1,1,-29.072229458695883,0.14578302386331765
42,4,1,-28.42131390865894,0.13274400887752805
166,3,1,-28.80340172955207,0.06890810871128329
228,4,1,-28.861726458737206,-0.00222891480515084
67,4,0,30.145762370708375,7.8379930039050345
229,2,1,-29.374416873742764,0.1383037359312456
89,2,1,-28.883014689954326,0.1504886855642153
67,3,0,31.19437599008142,9.506019200880491
94,4,0,31.0414165448417,8.196985301039161
214,2,1,-28.89036597308111,0.052116645305970995
136,2,2,29.244810602647497,-3.471385142782339
123,4,1,-28.470748056574497,-0.010910890288722427
171,0,1,-29.186992647933995,0.27027080013042987
98,0,2,30.5952653532087,-3.404874076975189
29,3,1,-29.319736666207866,0.1988749207033625
168,1,0,32.0570306553501,7.889581880831669
215,2,1,-29.370480002458773,0.33980500533807695
121,1,1,-28.079534904615027,0.18537151103190888
73,3,1,-28.50424597489843,0.5283217587949535
159,1,0,31.786130049030596,8.034096025043192
46,2,1,-28.20669923207696,-0.094526423664731
116,3,1,-28.649840762387075,0.7345559111843211
41,2,0,32.06740312069622,9.508185909880693
207,1,1,-28.82909808832591,0.3406964689257082
177,2,1,-28.864355793916367,0.3739728552338853
214,0,1,-28.28045919034766,0.2901203483506008
74,2,2,29.379424720263554,-5.434991146658247
64,1,1,-29.64741337991832,0.21915606884120167
106,1,2,30.3562968486286,-5.236585756304562
159,4,0,31.90674512261088,8.295275641110358
188,3,1,-28.98309488974355,0.08508670758275293
18,4,1,-29.4514712789857,0.24022997803899476
105,1,0,31.949951544917955,8.888899107935261
171,1,1,-28.53766499676868,0.5033353428802964
47,2,1,-28.61449687203439,-0.12759915804056007
113,1,1,-28.757999622258968,-0.13772315489703657
229,4,1,-29.309201603727363,0.31727207395593576
58,1,0,31.661084507895744,8.79829464168151
143,4,0,31.100008229667747,9.174853229856542
3,4,0,30.5942013588227,8.409867220796482
44,4,0,30.3491826028443,8.223142925593885
132,3,1,-27.987413394055487,0.007951982316517463
213,3,1,-29.15823882059769,0.03167247040846484
207,2,1,-29.17841654275653,-0.08504462304287315
145,4,1,-28.96597979818365,-0.15807656750609647
28,2,1,-28.045120227135964,0.4495950459391802
9,3,0,32.16978498096114,9.216213805625605
224,2,1,-28.781781019589378,-0.005882512818138378
198,3,1,-29.122520257540593,0.24517418407413846
17,0,1,-29.390130328501467,0.3845754881822855
51,3,1,-29.62640280631467,0.21982753936843438
96,3,1,-29.49461496113777,0.6546101983405798
218,2,0,31.528475601840217,8.855981209188371
82,4,1,-28.608161720795753,0.5586523770946138
239,1,1,-28.988734765184248,0.31570067515608996
207,0,1,-27.45287164944703,-0.3589043902627616
85,0,0,32.27390775053939,9.613372206785966
62,3,2,29.97934930794315,-5.007732954373918
22,4,1,-27.69885228484614,-0.02829100894649523
104,2,1,-29.026316369043553,0.02018874807281071
87,4,1,-28.56460995800787,0.06819050510479925
144,2,1,-28.67278429023485,-0.2633506667492946
210,4,1,-30.005284738572175,0.31960354663478135
44,3,0,32.687962818362685,9.853344009743434
161,0,1,-28.896072025289754,-0.1545481915743519
202,3,1,-28.143070709286413,0.2381015225023439
169,0,1,-28.884834109760536,0.120953804181794
127,3,2,28.884215072358753,-4.2650951557660255
137,1,0,32.21062428356571,8.546770358529796
214,1,1,-28.910149875253524,-0.025971606174964204
218,0,0,32.14952621140808,9.443290570933694
22,1,1,-28.623320333362074,0.2352469486733389
236,1,1,-29.2115640656302,0.0677545007328937
37,3,2,28.93240069523873,-6.06786779186314
113,2,1,-29.21477464992918,0.5011477752108789
73,2,1,-28.524226976465364,-0.2585231182709431
199,1,1,-29.52517395811721,0.2265136403097824
227,4,1,-29.011002203347847,-0.5047865627466738
158,4,1,-29.25163548543844,0.06303355607630909
149,2,1,-28.969076764769028,-0.04515772608921225
6,3,2,30.24463752095392,-6.2677239159201354
119,2,1,-28.15987196458304,-0.31611761958021994
111,3,1,-28.844728411215822,0.2553965895990354
147,1,1,-29.429355431436882,0.8162140099418371
169,3,1,-28.798925317151728,0.18277875223332427
98,1,0,31.89239366811186,9.09686809298771
16,0,1,-28.429792274913584,0.13721478398461906
18,3,1,-28.67374019892004,0.20396776739582684
93,4,0,32.623280909614024,8.727288673948877
54,4,2,29.470674418820476,-5.437833438516887
225,2,1,-29.98190632497769,0.08111820127938678
229,1,1,-28.942355464049086,-0.1445368414586584
22,3,1,-28.640062327184463,0.4092889239384533
117,2,2,30.753685835281587,-6.514772471860377
174,1,1,-27.86116318208055,0.012054373588304372
211,2,1,-28.54108514218165,-0.1823405820020626
239,0,1,-29.154110012456222,0.05929025849114987
67,0,0,32.28240948239297,9.175042401817251
116,2,1,-28.89715954238316,0.3562068209189738
65,0,1,-29.478803091661515,-0.4220486972947397
73,1,1,-28.820336643190004,0.3036395634749792
6,1,2,30.6829310837639,-4.864472853582181
82,0,1,-28.846514756753805,-0.1007104753934579
168,4,0,32.0276379574166,8.288435178946083
51,0,1,-29.01805510862676,0.236490520494602
156,2,1,-28.220026528049516,-0.29856876689157524
9,4,1,-30.179631233386537,0.7952126294960528
132,2,1,-29.28112370505426,0.4356053103027611
187,2,1,-28.924859177037543,0.4815926983300578
198,2,1,-29.134782880169208,0.26123561761399294
107,3,1,-28.964097229030717,0.06843884817409782
74,4,2,29.850241826468285,-5.97771033052691
216,2,1,-28.101730459509675,-0.11786318710400885
93,3,2,29.71119669940291,-5.4448008198795685
228,2,1,-28.358559688642025,0.03826817637520516
169,4,1,-29.67197035246188,-0.29582620437319523
166,1,1,-29.469798583138086,0.008447828913669549
121,0,1,-29.21365336435189,-0.09694967606510259
23,4,-1,-29.978696562872205,2.9086513489809445
224,3,1,-28.152129138578964,0.4751094312083301
124,1,1,-28.644252257679213,-0.1164025049133215
76,4,1,-29.494063579222644,-0.1994573919286204
126,0,1,-29.393465163005818,0.09279700698785619
174,0,1,-29.295939131372805,-0.0034098159612311143
17,1,1,-27.922520583585744,-0.03342776547263739
74,1,2,29.548785283765607,-4.710038722440472
151,3,0,31.18017447197889,9.103533170009486
102,0,1,-28.908573018955146,0.38802599466483834
64,4,1,-28.917391961651905,0.45108339809356407
229,0,1,-28.87084134703805,0.1650366427922046
75,4,2,30.035424510635078,-4.030479107912746
166,0,1,-29.17939458321623,-0.20924428246661825
249,1,2,30.446777266707745,-6.005617976142875
40,3,-1,-29.871624787348612,2.4959005395930935
45,0,2,30.929092013627624,-6.3140970942292505
64,2,1,-29.44626621545223,0.30729172281186107
107,1,1,-28.816049079753153,-0.5010388737956419
81,1,1,-28.936777271325518,-0.10035472663861789
149,0,1,-29.58401455086563,-0.10773240178990005
249,2,2,30.264106773189305,-5.960734774549808
38,3,2,28.747816357396122,-5.120028813191512
108,4,2,29.523962152979973,-4.0362048142283715
113,4,1,-28.74241182825918,0.33309601501296815
108,1,1,-29.348340971973276,-0.19697987714710477
249,4,2,30.483110158188857,-5.726434640943079
47,4,1,-28.928750069622268,0.19089442848758617
41,4,2,29.96752479071567,-4.411535999916324
151,4,-1,34.52160069196208,10.934838939241422
200,4,0,31.503402816696788,9.364623512017326
207,4,1,-29.43770398012053,0.14303379651777254
60,3,1,-28.902825654532734,-0.3207874676705227
96,4,1,-29.698345817921094,-0.3828886806243703
101,3,1,-29.354100074135527,0.878230753033431
132,4,1,-28.615148573575322,0.48319167632146526
245,3,0,32.62863886327847,8.504678758789993
244,0,1,-29.52390523619334,-0.08923742245107094
104,3,1,-28.07043690211423,-0.24090829979969816
29,4,1,-28.514751618119973,0.9238502354500647
177,4,1,-28.681338105616533,0.08954614089417916
65,1,1,-29.72527920497934,-0.36191462099701316
184,2,1,-28.736980353723695,0.025156573859115954
87,1,1,-29.73714270253,0.3278873124577207
152,3,1,-30.003972517994892,-0.17638792708838863
213,0,1,-29.020658710658143,0.0818399312842851
167,2,0,33.51815203938485,9.757451187179525
42,1,1,-28.678430535718825,0.6686240047314916
116,1,1,-29.64500176541629,0.1073021984614074
229,3,1,-28.680083319237355,0.0578369710705019
8,0,1,-29.032974585168898,-0.1596947012612723
107,0,1,-29.063570236253035,0.0011707711852561155
117,0,2,30.444821861747055,-6.174010951044275
42,0,1,-29.060959964837156,0.10109333879245622
202,1,1,-28.859664357555115,0.3415590739392133
231,4,1,-28.682850990697727,1.0018645581409094
244,2,1,-29.76828310764682,0.5552787424915991
211,1,1,-28.289929261994086,0.09208910323573358
208,3,1,-27.504335213122346,0.9771771068697522
99,1,2,30.359606398874753,-4.929613075378658
29,1,1,-28.75811716170728,0.18768673589138266
87,0,1,-29.006540669408515,-0.13062080043043797
58,4,1,-28.57635028917067,0.12770803073427917
143,0,2,30.437208542685493,-4.71487530841141
120,4,0,31.796426101578607,8.655636255054224
209,3,1,-28.615622749044046,0.4946364356571506
237,3,1,-29.24873522368637,0.4871238667828693
200,2,0,33.11256891916176,9.25928572939511
183,1,1,-28.406355803598974,-0.26739336543715536
167,4,0,31.991934829991063,10.004175436314382
183,4,1,-28.595308067144543,0.8489462618067399
58,0,2,29.212280895975436,-4.611145085772432
181,4,0,31.10830851900537,9.271710103514456
46,4,1,-28.274201977926143,0.10760522154594186
118,1,2,30.172877600743156,-5.666675640557058
47,3,1,-28.935582614170983,0.1861274346083706
53,3,0,30.074408965408885,8.212689317247353
237,1,1,-28.83750715463413,0.49543067334754615
79,3,2,28.450502038717666,-4.994254848322107
137,2,1,-29.160031546162482,0.11507954440177631
99,3,2,29.417779881102465,-4.593292429283503
87,3,1,-29.084975408507315,0.3861874940197157
149,1,1,-29.306255855027516,0.7427320362021088
7,2,0,31.13316034153081,8.85196488178337
179,2,1,-29.385806383607964,0.5549130507797179
235,4,1,-29.591931777485986,-0.09197522153006098
111,0,1,-29.236225867722464,0.38338940800070376
2,2,1,-28.83535400859518,2.338263484970244
45,2,2,29.825381835583602,-5.146701767873715
90,1,1,-28.328358487888643,0.37326058304310444
158,2,1,-28.384602839727606,0.06924278163589044
137,0,2,29.792015908690406,-5.228842759488621
219,4,0,31.171782941372246,8.619819825289719
145,1,1,-28.768940091665332,0.08158546506255858
172,2,2,27.049896789184366,-6.674876037211594
248,2,0,32.25928650650782,9.485740071312314
232,1,1,-28.81394982595187,0.2023953089126188
197,1,1,-28.28392986633077,0.6349054709921462
152,4,1,-28.849489662134403,0.5084182323500496
249,3,2,28.93146249520944,-5.338494226846047
75,0,2,30.466400904541207,-3.70522455151634
37,2,2,30.937043159308022,-5.091776481480836
184,3,1,-28.524916749758383,0.43773771985791493
196,3,0,32.10352277553821,9.66956052022596
169,1,1,-28.843554649164364,0.14293429201839983
135,0,1,-29.52830095265311,-0.10499740347612393
96,2,1,-28.360306119515194,0.883457298800594
97,0,2,29.103724211650146,-4.641010053679731
32,1,0,30.740852930191476,8.538851408511036
24,0,1,-28.721791167975795,0.4587045867726159
43,4,0,31.40718656433261,8.970985787375525
62,1,2,29.08595183740112,-5.258026823050597
126,1,1,-29.14392977260293,0.22196671921182035
86,2,1,-27.780334170873548,0.21093722436824378
141,1,1,-27.448509103845716,-0.22811313352067134
236,3,2,28.596569879383637,-3.8704518517605524
164,1,1,-28.597627521214392,1.2706273743763556
239,3,1,-28.51868009807939,0.5721041629285278
227,0,-1,-27.057615025344013,2.3940795877449963
83,4,2,27.77006303598866,-5.932824579371836
41,3,0,32.22482641797987,7.885270574371519
153,2,2,29.571348107813897,-6.348730850946255
6,4,2,30.364911239449484,-6.2173760407942025
173,0,1,-28.55122151979427,0.390040061637592
37,4,2,29.483246660589373,-6.012196304990465
205,1,1,-28.617801223072448,0.19711365872391318
51,1,1,-29.379127275544985,0.393775437126429
249,0,2,30.496325011374605,-5.821602163259891
220,0,2,30.60187482842236,-6.28352972529662
193,4,-1,0.318679350201026,-3.94578010495498
12,4,2,29.303476679069597,-5.039229372039853
179,0,1,-28.421966783171104,0.2929135634219578
76,3,1,-28.46134423995334,0.9463235926163074
103,1,1,-29.10494482390319,-0.19274595145428527
43,1,0,32.632939010281866,8.936632988162636
76,0,1,-28.385006336006168,0.6501316051053205
24,2,1,-27.80226990792853,0.2845843627111425
116,4,1,-28.072644071452086,0.3462305806902898
73,0,1,-30.10666779774818,0.7159845463141026
248,1,0,32.42969877776852,9.697537744756977
228,3,1,-28.395902202157004,0.31078550752442796
30,1,1,-30.011975700193318,1.1138121954808438
127,4,-1,28.616686939016628,-7.7130975712997145
56,2,2,29.031713504413162,-5.128403502540696
245,2,0,31.00650478878813,9.293627600203747
76,2,1,-28.162622835479187,0.6513437494599248
248,4,0,29.059939998261875,8.721126043352534
199,3,2,30.414467665315126,-5.86378196799264
96,0,1,-28.71946791644211,0.34883760506632894
47,0,1,-28.47064572368909,0.04286054509912332
64,3,1,-28.524342628179298,0.37886416246458804
250,4,2,28.929904780144337,-5.465854162525768
195,0,-1,-1.7625413472842555,-3.4698482075663906
6,2,2,30.01657268151042,-5.7768818809138045
37,1,0,31.469912459097806,9.485153490958897
39,2,2,29.641432515340338,-6.093602517023495
110,0,1,-29.82676525545544,0.1417772320820279
123,1,1,-30.39565348530358,0.554339227626184
198,1,1,-28.500412715174864,0.46884051454228864
213,2,1,-29.426256683845526,0.1623028800963224
12,2,2,29.264025861754483,-6.095648468284265
180,4,1,-28.405208520648443,0.16172849318702423
140,1,2,29.74006306978002,-5.560573259173875
250,1,2,30.17175998532845,-6.141510280928599
179,1,1,-28.370623244416493,0.37998169936140175
202,0,1,-29.85701707106181,1.0172453162998243
23,3,1,-28.92906344139363,-0.36129381626481616
63,4,1,-29.292145226882674,0.23484378644104237
91,0,2,27.038227270835325,-6.152437214004982
191,0,1,-29.616181681333902,-0.11365488696735464
34,0,1,-29.134742435443286,0.8140994392416697
213,4,1,-29.295555431798586,-0.0723811882126006
106,3,2,29.944619742890588,-6.838050143347704
185,4,1,-27.240567441095404,2.045415945933668
17,3,1,-28.55461065447125,-0.0511755197107171
184,0,1,-28.47583775669017,0.28457849712854727
93,2,2,30.223383122880048,-5.087333738991299
197,0,1,-28.717411741067256,0.5333337149995225
110,3,1,-28.975358378593366,1.4443333714658586
110,4,1,-29.490267542637515,-0.11514752846225426
248,0,0,31.42563199912602,8.65107036236203
141,4,-1,-13.02425198312424,-2.8252493604507065
91,1,2,30.5391452725586,-5.403650487951968
225,4,1,-29.294685580117505,0.6340426702786799
28,1,1,-28.904459120308488,0.410697528713027
205,4,1,-27.353488900143386,2.00379236133252
71,2,1,-29.62054485594849,0.6951930371828294
79,1,2,30.33837777573541,-5.330348756990948
20,3,1,-28.890943167642323,0.625409253173161
8,3,1,-28.88775499338334,0.5926182805203307
63,3,1,-28.088859550320038,1.2686390107000847
81,3,1,-28.63073351325667,0.9784064967655941
245,4,2,30.571240779040664,-5.112478505854398
17,2,1,-28.90602349110533,0.1770189773092312
32,2,0,31.955828980906446,9.860863559312433
85,1,1,-28.0484769206595,0.22369750814794062
118,2,2,30.303811942755917,-5.12956941045495
172,1,2,31.298281987095528,-6.286306794872479
122,1,0,32.17867058821839,8.384770229901642
108,3,2,30.29318884689605,-6.880165638845645
135,2,2,30.13447831145973,-5.438322287141363
76,1,1,-28.80518289108047,0.30321530056196666
173,2,1,-28.81079040609335,-0.08848184844594231
186,1,0,31.686796186397924,8.06542588257612
105,0,-1,27.11555059622563,-7.994772389359367
197,4,-1,-10.131096902157157,-3.7036559252131163
16,3,1,-28.565242729640264,0.14115572475252208
115,3,1,-29.58247545470848,-0.3129762829510609
17,4,1,-28.540534109185042,0.10161113267204652
159,2,2,30.21868517331624,-5.2623929106515375
110,1,1,-30.133116719990873,1.0697050745210142
88,1,0,32.496626417990015,9.842000564890629
35,2,2,31.02168197195949,-4.2526112581662785
170,3,2,29.961396305706202,-4.016862209684633
153,4,2,27.43485626594772,-7.01256910211528
157,4,0,30.776988677288138,9.028067797248383
20,0,1,-28.812985014734835,-0.19479614090837125
164,4,1,-27.78635736262869,-0.21130241600662758
35,1,2,30.26228679172602,-6.510222292050534
151,2,0,32.011060183272974,9.59759572879548
112,1,0,31.99200488694152,10.068941633441352
44,2,0,30.587731451400426,8.438297630953736
41,1,0,30.439168867754535,9.016995701388991
190,2,2,27.64172057106383,-5.408078065019743
231,1,1,-27.423043915534677,0.2873183353298981
83,3,2,29.57614624026098,-4.927944429654226
220,4,2,30.092181646198515,-7.030902582739222
225,3,1,-29.40288568248698,-0.042358108104851834
215,3,-1,-8.68208879365258,-4.0649398995508434
56,1,-1,-27.345587897536358,2.3639996218944357
85,2,2,27.23042730448988,-6.118138206416983
127,1,2,30.724717027313787,-4.936278945430342
240,4,1,-28.881375737920504,0.9706483728081421
21,4,0,33.35685536668423,8.086595939299002
225,1,1,-28.84288786565314,0.13215833612422054
50,0,1,-28.062640791096985,0.6228874818707283
203,1,1,-28.576292107179626,0.6977402729237286
96,1,1,-28.805173425542232,0.7289978655699723
13,2,1,-28.51135534151657,-0.6288681755675449
165,2,0,30.466200864732944,8.47811115505452
81,2,1,-29.05046027033653,0.8191252075420903
98,4,2,29.210718390506713,-3.9146090403535436
175,3,2,29.154037905542683,-4.458121009376907
246,1,-1,-9.887533454570258,-2.247282529590555
55,0,2,29.569317918413827,-4.530026824002401
150,4,0,32.79312558140158,8.194305460309666
137,4,2,30.31236020155708,-6.384397374227915
131,1,2,29.37572863442796,-5.8072926528157005
139,4,1,-29.234321135682087,0.9828686897241282
143,1,0,30.67530001776279,9.011438182916221
246,3,1,-30.011922431117203,0.6991477471304107
156,3,2,30.039388774168692,-4.982921170727084
46,3,1,-28.86673458442356,0.06829817584114242
211,3,1,-29.13755272274417,0.30863796903303464
41,0,2,30.32949041154588,-5.449432859906606
7,3,2,29.548111567886547,-5.052801333126364
40,4,1,-28.319363124622267,1.2372166651029608
183,0,1,-28.19526370585984,0.4829330352122569
139,0,1,-28.727004027398674,0.4250776017891566
135,3,2,30.72030818781134,-5.428646483036548
15,0,1,-29.14629461135043,0.5323829565325704
185,2,1,-29.375901049365144,2.4377533558837454
165,4,2,29.7968667267328,-2.574902641124648
181,1,0,31.552939720944238,8.530152682619562
165,3,0,30.160141545845025,8.779060663994965
30,3,2,29.685223157442266,-4.7130032509228466
9,1,2,30.00213162208381,-6.2827423324872855
114,3,1,-27.76673070356533,0.39048382195473996
50,2,1,-28.277349179640836,2.358433239076303
183,3,1,-27.920354759384068,-0.09824781727492748
21,1,0,31.71300663884155,9.373748724169944
63,2,1,-28.312509503762392,0.9600238530974008
59,4,0,32.472959702339196,8.476015139213354
15,2,2,29.27069085189312,-4.2217164932012405
235,3,2,28.9006117749305,-3.3433806054610753
49,2,2,27.315679543593806,-4.310942279748786
56,4,1,-28.92780280980078,-0.05557143176412718
177,1,1,-29.882054957344284,0.5753660745342396
248,3,0,30.96334279447978,9.564581355988613
196,0,2,29.23657775833123,-4.217319888676681
220,1,2,29.47121956720237,-7.039093035660941
157,3,0,31.71360178933375,8.96294650896461
38,2,2,28.85972243603917,-6.0087868916232905
200,3,1,-28.33995217147922,0.25138038098882387
106,0,2,29.87548032907952,-5.534432742556096
148,1,-1,-10.239557108995367,-2.46011737301827
27,4,-1,26.214897722460396,-6.303015193714335
112,4,0,32.56351176554935,8.876688017942095
244,3,1,-28.60264322759587,0.3942254576415909
238,1,1,-29.118044347202456,0.9755763171170941
68,2,0,32.492354577809415,8.322310958699283
157,1,2,29.043975608285216,-5.615037131528116
71,1,1,-28.27591383294496,0.07772800602747092
9,2,2,30.24243011423223,-3.7969012537865416
38,4,2,27.58136193796802,-5.450354224179108
81,4,1,-29.895066148739783,0.6956506165073324
247,1,2,28.422917450249418,-4.974118136707013
23,0,2,30.21905140240512,-4.484763225322283
179,3,1,-29.33061255849023,0.5208890278623021
67,1,2,28.745388846385893,-4.057869116032479
120,3,2,28.05197704826097,-5.981068781901442
194,2,1,-28.841467161446523,0.9721636210629339
38,0,2,28.266316436281013,-6.127124361016724
38,1,1,-28.678606910459553,0.3164376335329989
51,2,-1,-5.120239987722318,-3.3420496940688973
15,3,1,-29.0017997297204,0.5133891213797613
218,1,2,27.82301767401893,-5.22240167110753
167,3,0,31.2609057029057,9.639392889481138
103,2,1,-29.94884594248137,0.22683921152344813
131,0,2,27.862921323371257,-6.257119136131959
14,2,-1,-4.7405901110520094,-3.241784780056108
139,1,1,-29.018023086922714,0.6906458091642306
219,0,2,29.644473370517275,-4.873440880472564
13,3,1,-29.896182818150677,1.2634495133485464
81,0,1,-28.90255514870053,1.2184831529799252
200,1,1,-28.9400917186766,0.12051320875086181
186,0,0,31.426929279786822,8.665337524120261
236,4,2,29.069577237247348,-5.843756857247288
118,4,2,30.7092471497687,-4.460681455955115
220,2,2,28.344608465554728,-7.245382364288191
170,2,1,-29.24687700262236,-0.10537557297325523
186,3,2,30.148617471569903,-5.676527884952852
237,0,1,-29.2253449768006,0.09095675042614104
3,2,2,26.68861263325753,-6.287096662689534
181,0,0,31.870083784213232,9.179702674643568
14,3,1,-28.649960340774516,0.4418214166659796
103,3,1,-28.040851790347006,-0.042432727086800376
159,0,1,-27.001540313295507,1.0931201788653222
120,2,1,-28.73380066897048,-0.21626997673286963
181,2,0,30.526415300697412,7.528698845563572
157,0,0,30.982473227624038,8.157923592872367
241,4,2,28.347933796646018,-4.929642018827891
177,0,1,-28.962093438770655,0.5763427784051476
165,0,2,29.71980932002705,-4.872112691720898
25,4,2,30.40152114229559,-7.024548529672402
14,0,-1,-4.743362491645189,-3.131256696009114
191,2,1,-29.383756022606963,0.1991023622638038
26,0,0,32.01722814592219,8.692244216074874
55,4,1,-28.978198754701253,-0.026643851135723873
238,3,2,28.982641530816643,-5.510393216009128
43,0,2,29.7672742266861,-3.3004375463576587
212,0,1,-29.387506736177055,0.7045839682112591
78,0,1,-28.433424418473507,0.46133485532689844
195,1,1,-27.72546323194412,0.9920348439573674
53,2,2,29.236709637861882,-5.471713349980381
122,2,0,33.18373052892886,10.02992180123053
83,1,2,29.561279718626682,-5.927177497907278
176,3,2,28.324422168323327,-5.15591692197008
156,1,2,28.57477781402005,-3.693384657835966
103,4,2,28.263573482826548,-3.912846644164718
192,0,2,28.883332740796657,-5.094979421331945
26,1,0,31.414328746047758,8.548920545826679
231,2,0,31.77366879588739,7.79527823111937
221,0,2,30.495073017178388,-5.617680661370869
61,4,1,-28.096080692124684,0.2290422689553103
112,2,2,29.541555920944177,-3.221569349797677
120,1,2,29.008428047241967,-7.082004508058484
56,3,2,30.853715326283375,-6.033463580467665
24,3,1,-28.566394192489362,0.34010514771816225
221,3,2,30.355808153736255,-6.349259929216289
176,1,2,29.178711037037953,-5.370008701660292
83,0,2,27.4593562919447,-5.432832481472475
157,2,2,29.299565306767782,-4.976031343378286
14,4,1,-29.040294965614272,0.5527607732231827
7,4,2,29.517363071641544,-4.611308984419394
114,2,2,28.439079377048298,-6.3738182029664046
77,4,2,27.08416718185845,-4.179389921312166
236,0,-1,-0.9022710207689283,-3.8181246947267398
159,3,2,29.678181031631304,-6.2309264208714605
221,2,2,29.97330758117775,-6.232480760548321
118,3,2,30.20644852170214,-4.65423372434994
194,1,2,30.15807872682774,-5.403444565776227
122,3,0,31.950386367266457,9.425828497970855
203,2,1,-28.957357622442906,0.4462351169690359
94,1,-1,28.683142305138468,-7.841847798002262
39,1,2,28.63190074136676,-6.477048330534751
56,0,1,-28.709493328657036,0.6015030066178286
203,0,-1,-9.851570670579846,-2.6542619156385574
151,0,0,30.05025042019228,8.348510700687601
173,1,1,-29.07305124794078,0.7349673674855617
173,3,2,29.038237769817368,-5.86252523123386
33,1,2,28.23289101238294,-4.883450689854553
25,1,2,28.597294949548907,-6.031868230290721
55,2,1,-27.546007361266184,1.0728102276087688
7,0,1,-29.94713455327554,0.44301457180164316
85,4,2,27.472812604349137,-6.8892101857242185
33,2,2,28.463737928427545,-5.809241940439416
162,1,2,29.614551376567427,-4.713862626594738
21,3,0,31.95507345923809,9.829693854830092
23,1,2,29.67601580987981,-4.733853334399661
170,4,2,29.414188367558683,-4.333589787894585
150,3,2,29.47489424860449,-5.516007355275907
66,4,2,27.883146239083185,-4.3990412377234716
49,4,1,-28.72900799465497,0.5229384585772406
185,1,0,30.673399957640584,9.00394603570549
219,2,2,30.275068932136186,-5.600778282756059
88,4,2,29.774691891212502,-5.401980934953173
231,3,1,-28.504811536240478,0.31231422297790645
39,3,-1,28.41659897076227,-8.068065025363858
25,3,2,29.19743509226577,-5.95356350044525
30,0,2,30.31684066742041,-4.533237485892119
59,3,2,29.601954059901132,-4.630021396814106
167,1,2,30.233951153150183,-5.251531623184602
59,2,2,29.39386095460181,-4.511641127143732
231,0,2,29.762448119696124,-2.1836634643324544
83,2,2,29.32985843962366,-5.849495865614611
185,0,2,29.383150859571675,-4.475957585634212
30,2,2,29.312435974517893,-4.747071801313008
112,0,2,29.378379097549374,-5.452952041604058
66,3,2,27.480592170231063,-5.380337944383866
20,4,1,-28.570416824376426,-0.12469697203829155
131,2,2,29.164990598485172,-5.971912554538178
176,0,2,28.349036934992096,-3.995090860029678
30,4,2,29.31374345460714,-3.841742713035876
186,4,2,29.047616381913304,-5.609857968567633
243,1,0,32.95238872230286,10.258078280992573
33,3,1,-28.02333516773741,0.7270902291237457
155,1,2,30.099891215333813,-4.458217694729347
7,1,2,30.170617834238804,-4.64403827861853
187,1,2,28.050843435628593,-5.641331147480152
221,1,0,31.77345542571919,9.343766607805351
170,0,2,28.86981695106276,-4.073023317963263
175,1,2,28.552380082930515,-3.120818975446459
115,4,2,29.295022456292266,-4.780727923979947
196,2,2,28.921714323619824,-4.459886158628441
2,1,2,28.60395577538944,-4.022023212897783
120,0,1,-30.086764952228226,1.2975231199211605
131,3,2,30.02474436619138,-5.565020377468026
238,2,1,-29.18078415469185,0.6822179478127594
8,2,1,-27.93428826178526,-0.2403191210769852
173,4,2,28.598073105138212,-4.846141692149364
94,2,2,29.96423424262342,-5.497238914950403
53,1,2,26.535164057026645,-6.4578643610264255
181,3,0,30.197270972348097,8.532518700011362
212,4,1,-28.625631929043017,1.1923826113960556
192,2,1,-27.55378950735078,0.6453037976543284
52,2,2,27.86065638064176,-4.708054685313069
196,1,2,29.80389319152334,-3.5840694631114545
150,2,0,31.696228722102344,8.63799896008677
247,4,2,29.772683734706863,-5.8927974344572585
151,1,2,29.930662946782444,-4.7559390508422075
245,1,1,-28.08252678888583,0.9646470097624755
163,1,-1,-5.010815387650216,-3.2509553638377438
5,0,2,26.82856491137552,-5.9931218533019806
78,4,2,28.180889542016544,-3.07993017216706
2,3,2,28.319348406017376,-3.066690506130687
75,2,-1,-9.162074812404846,-3.2455763101009554
203,4,2,27.464318341505624,-6.011650269284524
53,4,2,30.154311871576404,-5.237629706955131
50,3,2,30.1467520250231,-4.057901012736031
52,3,2,27.91169663025887,-4.789043014845614
66,1,2,28.372540162768736,-5.456862261169178
15,1,2,29.049212105771915,-3.554498226989887
71,3,0,30.7211495647485,8.999944042823358
55,1,1,-28.510974798155452,0.25867920319391824
238,4,2,30.058544901437024,-3.111008626708679
27,2,-1,27.797657396150623,-7.958444249227868
1,4,2,29.70318545069881,-5.465842445584326
210,1,-1,25.877491137267448,-5.392599689059735
219,3,2,29.306793661237,-4.6974003565876945
25,2,2,28.74797596842609,-5.711508362590104
247,3,2,28.290472746171687,-4.440684602431362
192,3,2,27.737350741381942,-5.900259498588235
162,4,1,-29.207519683547762,0.4027971980353064
26,4,0,33.73957006340486,10.377975329657547
95,0,2,29.72401250083509,-4.312972946888065
163,4,2,28.214862444270363,-5.640026132125735
57,0,2,27.881195974381672,-5.33012192183618
23,2,2,29.288804053778936,-4.027226647252783
156,0,2,28.71528106871679,-4.86507857688652
156,4,2,29.524095483019096,-5.8397242918538765
33,4,2,29.277388233277392,-5.453136051702975
79,4,1,-29.07940218635926,0.7581485633225077
149,3,0,32.44678377979367,8.196672810844142
206,4,2,29.308218351883884,-5.330389687839474
112,3,0,30.87760301275738,8.75909913657722
216,1,2,26.188695388084074,-4.818518717684217
247,2,2,28.620158012091263,-5.093268518747832
88,2,2,28.654462159520726,-5.454814659797799
3,3,2,27.872198336850243,-6.4124497040120545
49,1,-1,-17.27159142951983,-2.5264813753741344
8,1,2,28.491980491049848,-5.0161107658651805
240,1,1,-28.684394223459662,0.4284439601821578
176,4,2,29.03021261327806,-4.943729099320328
150,0,2,30.260509191044456,-4.206768552809031
203,3,1,-29.783983415527654,0.5040628925173466
13,4,2,30.00984388969043,-4.795793849413201
190,1,-1,-2.2857641611728208,-3.3319532752750125
158,1,2,27.795272445927424,-3.56526016801376
103,0,1,-27.157144783316028,0.16073159894924532
188,2,2,26.53463593971649,-5.209738775108462
55,3,2,28.89259930554495,-5.874141373157273
163,2,2,28.744519005523458,-4.009262385413957
95,3,2,28.93713471045579,-4.18156638470925
196,4,2,28.906760112771494,-4.72838594152904
162,0,2,29.726058263276414,-5.8176939705482535
40,2,2,29.060128804892077,-4.797067292856362
135,4,2,27.514583019550443,-6.517362784639794
240,0,2,30.517876182883146,-5.335958084492479
186,2,2,28.850968084038794,-5.318446959129309
115,0,2,27.80857654154117,-4.021651980363176
8,4,2,28.501391207608172,-4.369128337590671
167,0,2,28.121032390429946,-3.9818122511153327
2,4,2,29.16827365813523,-3.17251620354277
13,1,-1,-7.4543563335952685,-3.093210332927322
176,2,2,27.988197332756187,-4.411305109710133
190,4,2,29.17106689892718,-4.975802375541689
13,0,2,28.991902462566305,-5.325381622837959
192,1,2,28.988014653316117,-3.6550723737586237
21,0,2,29.930071094837114,-3.4737660803596326
24,1,-1,19.834666363671197,-7.346963491100462
53,0,2,30.07802853250566,-5.618983937286485
115,1,2,29.845862482867243,-3.800336153774059
206,3,1,-27.744215430091774,-0.16499925376867774
133,4,2,28.24863688580326,-5.850436909619321
219,1,0,33.10048335879956,8.048602861465024
59,1,2,28.077034500498737,-5.971516994802129
192,4,1,-29.744553593953565,0.19873711192191662
190,0,2,29.036049821917814,-5.744956425640746
32,0,2,30.42822899297928,-4.42626320627135
78,2,2,28.72971490243068,-3.7827111125527377
247,0,1,-29.05043564379219,0.9036948028238625
78,1,2,29.358013995861022,-4.4118017069158215
194,0,2,29.81906469869773,-2.7686702526809683
170,1,2,28.149725779019448,-5.0828336760787085
184,4,2,30.104784787243297,-4.088600089388887
68,3,-1,-2.4497601211988584,-2.975644607693516
52,4,0,32.9053447475437,8.162473905142047
246,0,0,31.965334986929527,8.381771086388776
20,1,1,-29.03774790127801,0.3783919531478024
191,1,2,26.93560941962142,-4.735715308755209
70,3,2,30.25912104720281,-4.464178024578168
190,3,2,27.591695137609456,-4.373633526755373
212,2,2,30.22269081325706,-5.9876520353928235
205,0,2,30.011807834641388,-4.8207495533406135
59,0,-1,-15.530954576881765,-2.8183634423663193
22,0,2,28.040683713329315,-4.691661450341315
130,2,2,28.74052620772183,-3.819856402382287
11,4,2,29.063018322021914,-4.152085981295142
107,2,2,27.435985393987394,-5.0425099640204545
171,3,2,26.397365360287,-5.562965608411135
88,0,-1,31.280601179307528,-2.6301127482236693
88,3,2,27.88000584232793,-4.859682684526382
212,1,2,28.184530621937814,-4.684027384335352
134,3,2,29.44758132239592,-5.148171448724049
126,4,2,28.66229284160453,-4.370605791972949
118,0,2,27.32462569058769,-6.321891846916648
194,3,2,28.420569787884183,-4.549986996447002
61,0,2,30.05166431683356,-6.526574690040595
1,3,2,28.884729003381366,-5.088239588549156
65,3,2,27.38461343234853,-4.115050449456636
68,0,2,28.561650754533517,-4.717169526447158
214,4,2,28.3556024016943,-3.1807019981938063
66,2,1,-29.220191507456715,0.17682761628896615
134,4,-1,29.56839082764372,-0.6909844985055418
32,4,2,29.968289521162184,-2.71315926025309
130,3,2,28.467045312476664,-4.155046539283528
115,2,2,30.910701636048252,-6.26474620985578
169,2,2,29.010304944601423,-4.56227060248907
36,1,2,28.834575302856475,-4.492512981068953
202,2,2,30.133085830268083,-5.38883173078683
68,1,2,29.159182248558654,-4.835690702392198
20,2,-1,-9.292742032575008,-3.0353591574757575
198,4,2,28.12537919496621,-4.722514608788967
243,0,-1,-11.375638916398339,-2.7841257769857726
21,2,2,29.481622089824842,-3.9069771667607656
134,1,0,32.29587033609628,9.143159784736323
194,4,2,28.695956124622505,-5.43403717767599
15,4,2,27.842710313259293,-5.092666141846674
113,0,2,28.025320678728473,-4.805519321615921
49,0,1,-27.398852057131474,0.2448135748950755
50,4,-1,-1.3023813965959434,-2.252056993200445
111,2,2,27.83318019767502,-5.251461175153863
206,0,2,29.011312334505106,-5.017255843897403
25,0,2,29.563105811075054,-6.448239899714736
185,3,2,29.13316889446911,-4.912337246792416
209,1,2,28.023473274181608,-4.874402617570664
78,3,2,29.096815884333868,-5.423977188051442
132,1,2,27.7181860532942,-5.722714366581294
69,1,2,28.948090735259658,-4.1433432677487705
205,2,2,28.30293510747975,-5.085336296753911
206,1,2,29.434897402630547,-4.193391300953048
122,4,0,32.96171380164316,9.504819878908437
162,2,2,29.335368218401772,-4.648287387920701
131,4,2,26.522695790288115,-5.55776958091684
213,1,2,28.698343571081352,-5.119528089688127
163,3,2,26.870892010642727,-4.305995150626527
238,0,2,28.925137463477444,-4.1949556372235515
33,0,2,28.695233257101734,-5.051170706877813
122,0,2,29.692715580953557,-5.382555206772147
68,4,2,29.396221706520663,-4.431324222381853
179,4,-1,10.980014985922757,-5.7308733509421135
95,2,0,32.223561321529964,9.871381054693044
26,3,2,29.628589959196926,-4.275077483670916
28,4,2,30.083941115530205,-5.956619263269973
52,1,1,-28.543415637115565,0.33943926022971493
163,0,2,28.34923057048365,-5.362158003864202
98,3,2,27.794054907348393,-7.373261285255346
43,2,1,-30.05540494804881,0.714064680227716
235,2,-1,-17.98675291941822,-1.3402340207440249
148,3,2,27.064074542324757,-4.943614971534063
234,3,2,27.17098409278155,-4.966912239181775
95,1,2,28.38639048591103,-4.955073213231866
34,4,2,30.09451009423453,-5.72507062959497
66,0,-1,-8.654292647249525,-2.7372597339724396
221,4,-1,28.399880797855158,-7.900018508140916
65,2,2,29.537710203946016,-3.9254160263519813
139,2,2,27.985626001286896,-4.630531269993157
86,0,2,27.759834876486547,-5.552489621623126
161,2,2,26.411940512576976,-3.725002894255554
134,0,2,29.37308906467809,-4.664415560091768
71,4,2,29.89045716046588,-3.4445724435526133
2,0,2,28.33461833811791,-3.74991899789971
195,2,2,29.252344916815527,-5.405830869331944
64,0,2,28.184953377070922,-4.966799630965151
162,3,1,-29.500564827640996,2.3676411963202204
130,4,2,27.767032559705424,-5.370213194226216
70,0,2,30.380453787747363,-4.508877085837835
67,2,-1,-19.33762019536189,-2.0971852235250656
61,1,2,27.506511661796612,-6.209850382833128
130,1,-1,-11.08960120429093,-1.9648217045601666
161,1,2,27.132413028205743,-4.439025529877313
206,2,2,29.123671365275317,-5.201427269288122
49,3,1,-29.1488819299221,0.4935222825611914
50,1,2,29.88744833535858,-4.043623000155818
52,0,2,29.285482862669575,-5.432450158250647
5,2,2,29.24865737582837,-5.46056554916495
71,0,2,30.08413413961455,-4.276132943235471
198,0,2,27.32527948678273,-4.730522882724265
26,2,1,-29.18705219510833,1.3094735774291109
19,1,-1,21.135105359431275,-2.0804429858859494
243,4,0,31.59504751287526,9.226910889876388
32,3,2,28.296091245124664,-6.805500218999436
246,2,2,30.41514756117179,-3.346675818443802
217,3,2,28.304933730430832,-3.454528812347982
184,1,2,28.687082668335186,-4.279672414723666
113,3,2,30.07651277410935,-2.6337414432254485
95,4,2,29.59510344988708,-4.110802803630787
246,4,0,31.23885683989901,9.534718249897612
149,4,2,28.355283559111843,-5.537172027063382
243,2,2,29.47258387788007,-4.6279408726077556
152,1,2,29.500756719440137,-4.538547420870019
212,3,2,29.342609070418074,-4.726264182812561
191,4,2,28.81411352640259,-3.98941137874972
191,3,2,27.676410834045743,-3.9544322167464654
14,1,2,26.98710099639259,-4.782132678743295
225,0,2,28.727545531524182,-3.930850833704421
150,1,2,28.989647741015244,-4.305244210077437
142,1,2,28.15124235830161,-4.052120730858578
160,2,2,29.686033138213965,-5.60671600374797
240,2,2,29.21109886768431,-3.7655433264025184
121,2,2,29.008123021148002,-4.051778835720891
40,1,2,29.35999753499465,-5.137692857190478
158,0,2,28.940758355284604,-4.302487922467486
226,1,2,28.375671004615796,-4.251862342991597
204,0,2,28.409555293287255,-6.191316560342006
138,4,2,28.07978587724339,-5.6538656464908845
210,2,2,29.708817429999357,-4.201576986196864
195,4,2,29.835236700433285,-4.5809173591696535
134,2,0,32.896379987112034,8.69633412969519
205,3,2,29.21264535836518,-4.9154521754054255
144,3,2,27.435056053960935,-4.880893037773985
28,3,2,30.00953224382965,-4.422039904871136
160,0,2,27.732635026401738,-4.674503626894863
40,0,2,28.334360348183118,-5.364183355273093
70,2,2,27.377821071030368,-4.913476900955842
34,3,2,28.593168507498607,-4.14125422017095
152,0,2,28.705713349056193,-5.555094307332089
243,3,-1,-2.196590747295883,-3.4555069562716474
139,3,2,29.92578049425548,-3.7725285061263736
195,3,2,29.32654046808558,-3.772536326116766
164,0,2,29.270008733455796,-4.237275062691416
70,1,2,30.089773910087086,-5.015620613467469
34,2,2,28.98044819932053,-5.125043132674561
65,4,2,28.28659071808836,-4.690240880363303
34,1,2,28.095050686847934,-4.430872311474036
164,2,2,28.909155340887995,-5.381102436061153
124,3,2,29.78044650935299,-4.826229570643514
104,4,2,26.82470716305963,-4.780815338572751
130,0,1,-27.888593798795455,0.7405947388650425
160,3,2,29.8702602261305,-4.058955611990451
240,3,2,29.435307962088977,-4.444909814121753
69,3,2,28.355963300045893,-5.297823835028551
233,1,2,27.397044234036574,-4.759840940212739
239,2,2,26.671875629758162,-5.544046601765189
124,0,2,26.85370328913858,-5.595829013577456
208,0,-1,26.479256066216873,-2.1715748168571527
183,2,2,28.43674620557795,-5.096923837044167
160,4,2,29.13371868909094,-3.8397383073760323
160,1,2,28.037230824089814,-4.4339798379313615
164,3,2,28.13323066175845,-5.717257182185458
124,4,2,29.493281958026163,-4.531769585557939
166,2,2,28.007740320493063,-4.635609679615399
63,1,2,29.378270653829283,-4.7709270771260295
110,2,2,28.71112691388407,-4.011395770819859
